<?xml version="1.0"?>
<metadata>
	<idinfo><accconst>None</accconst><useconst>This data is neither  legally recorded  nor a survey and is not intended to be used as such.  The information displayed is a compilation of records, information, and data obtained from various sources, and James City County is not responsible for its accuracy or how current it may be.  If discrepancies are found, please contact the Office of Real Estate Assessments of James City County, Mapping/GisSection.</useconst><ptcontac><cntinfo><cntperp><cntper>Kim Hazelwood or Patrick Cherry</cntper><cntorg>JCC GIS Office</cntorg></cntperp><cntpos>GIS Analyst</cntpos><cntvoice>757-253-6654</cntvoice><cntfax>757-253-6875</cntfax><cntemail>jccmapping@james-city.va.us</cntemail><hours>8:00 am - 5:00 pm</hours></cntinfo></ptcontac><timeperd><current>publication date</current><timeinfo><sngdate><caldate>present</caldate></sngdate></timeinfo></timeperd><citation><citeinfo><onlink Sync="TRUE">\\REAGIS2\C$\Documents and Settings\DJurgella\Desktop\zoning\jcc_afd.shp</onlink><origin>JCC Planning Department</origin><pubdate>REQUIRED: The date when the data set is published or otherwise made available for release.</pubdate><title Sync="TRUE">jcc_afd</title><ftname Sync="TRUE">jcc_afd</ftname><geoform Sync="TRUE">vector digital data</geoform></citeinfo></citation><native Sync="TRUE">Microsoft Windows XP Version 5.1 (Build 2600) Service Pack 3; ESRI ArcCatalog 9.3.0.1770</native><descript><langdata Sync="TRUE">en</langdata><abstract>Agricultural and Forestal District</abstract><purpose>Polygon layer to show the parcels that fall into the Agricultural and Forestal District</purpose></descript><status><progress>Complete</progress><update>Annually</update></status><spdom><bounding><westbc Sync="TRUE">-76.893760</westbc><eastbc Sync="TRUE">-76.614741</eastbc><northbc Sync="TRUE">37.449585</northbc><southbc Sync="TRUE">37.203045</southbc></bounding><lboundng><leftbc Sync="TRUE">11950669.588456</leftbc><rightbc Sync="TRUE">12030178.698546</rightbc><bottombc Sync="TRUE">3602932.442002</bottombc><topbc Sync="TRUE">3691242.433509</topbc></lboundng></spdom><keywords><theme><themekt>REQUIRED: Reference to a formally registered thesaurus or a similar authoritative source of theme keywords.</themekt><themekey>Agricultural and Forestal</themekey></theme></keywords><natvform Sync="TRUE">Shapefile</natvform></idinfo><Esri><ModDate>20130430</ModDate><ModTime>09454900</ModTime><CreaDate>20110817</CreaDate><CreaTime>10080800</CreaTime><SyncOnce>FALSE</SyncOnce><SyncDate>20130430</SyncDate><SyncTime>09454900</SyncTime><DataProperties><lineage><Process ToolSource="C:\Program Files\ArcGIS\ArcToolbox\Toolboxes\Data Management Tools.tbx\CopyFeatures" Date="20041217" Time="162257">CopyFeatures E:\covers\afd\label E:\Geodatabases\Layers.mdb\Afd\afd_label # 0 0 0</Process><Process ToolSource="C:\Program Files\ArcGIS\ArcToolbox\Toolboxes\Data Management Tools.tbx\CopyFeatures" Date="20080407" Time="111930">CopyFeatures K:\Geodatabases\Layers.mdb\Afd\afd_ids "Database Connections\JCC Editor.sde\jcc.GIS.AFD\jcc.GIS.afd_ids" # 0 0 0</Process><Process Name="Feature To Polygon (6)" ToolSource="C:\Program Files\ArcGIS\ArcToolbox\Toolboxes\Data Management Tools.tbx\FeatureToPolygon" Date="20130225" Time="114403">FeatureToPolygon GIS.Lines_Layer "Database Connections\JCC_Editor.sde\jcc.GIS.AFD\jcc.GIS.afd_polygons2" # ATTRIBUTES "Database Connections\JCC_Editor.sde\jcc.GIS.AFD\jcc.GIS.afd_ids"</Process><Process Name="Copy Features (2)" ToolSource="C:\Program Files\ArcGIS\ArcToolbox\Toolboxes\Data Management Tools.tbx\CopyFeatures" Date="20130225" Time="115755">CopyFeatures GIS.afd_polygons3 "Database Connections\JCC_Editor.sde\jcc.GIS.AFD\jcc.GIS.afd_polygons" # 0 0 0</Process><Process ToolSource="C:\Program Files\ArcGIS\ArcToolbox\Toolboxes\Conversion Tools.tbx\FeatureClassToFeatureClass" Date="20130430" Time="094550">FeatureClassToFeatureClass "Database Connections\JCC_Editor.sde\jcc.GIS.AFD\jcc.GIS.afd_polygons" "C:\Documents and Settings\DJurgella\Desktop\zoning" jcc_afd.shp # "CASE_ 'CASE_' true true false 10 Text 0 0 ,First,#,Database Connections\JCC_Editor.sde\jcc.GIS.AFD\jcc.GIS.afd_polygons,CASE_,-1,-1;NAME 'NAME' true true false 40 Text 0 0 ,First,#,Database Connections\JCC_Editor.sde\jcc.GIS.AFD\jcc.GIS.afd_polygons,NAME,-1,-1;PIN 'PIN' true true false 15 Text 0 0 ,First,#,Database Connections\JCC_Editor.sde\jcc.GIS.AFD\jcc.GIS.afd_polygons,PIN,-1,-1;CODE 'CODE' true true false 2 Short 0 5 ,First,#,Database Connections\JCC_Editor.sde\jcc.GIS.AFD\jcc.GIS.afd_polygons,CODE,-1,-1;Shape_area 'Shape_area' false false true 0 Double 0 0 ,First,#,Database Connections\JCC_Editor.sde\jcc.GIS.AFD\jcc.GIS.afd_polygons,Shape.area,-1,-1;Shape_len 'Shape_len' false false true 0 Double 0 0 ,First,#,Database Connections\JCC_Editor.sde\jcc.GIS.AFD\jcc.GIS.afd_polygons,Shape.len,-1,-1" # "C:\Documents and Settings\DJurgella\Desktop\zoning\jcc_afd.shp"</Process></lineage></DataProperties><MetaID>{85619748-B30F-4C96-983F-21C3F4B8841D}</MetaID></Esri><metainfo><metd Sync="TRUE">20130430</metd><metc><cntinfo><cntperp><cntper>Kim Hazelwood</cntper><cntorg>James City County Mapping Office</cntorg></cntperp><cntpos>GIS Analyst</cntpos><cntaddr><addrtype>mailing and physical address</addrtype><address>101-F Mounts Bay Road</address><city>Williamsburg</city><state>Va.</state><postal>23168</postal><country>USA</country></cntaddr><cntvoice>757-253-6654</cntvoice><cntfax>757-253-6875</cntfax><cntemail>jccmapping@james-city.va.us</cntemail></cntinfo></metc><langmeta Sync="TRUE">en</langmeta><metstdn Sync="TRUE">FGDC Content Standards for Digital Geospatial Metadata</metstdn><metstdv Sync="TRUE">FGDC-STD-001-1998</metstdv><mettc Sync="TRUE">local time</mettc><metextns><onlink Sync="TRUE">http://www.esri.com/metadata/esriprof80.html</onlink><metprof Sync="TRUE">ESRI Metadata Profile</metprof></metextns></metainfo><mdDateSt Sync="TRUE">20130430</mdDateSt><distInfo><distributor><distorTran><onLineSrc><linkage Sync="TRUE">file://\\REAGIS2\C$\Documents and Settings\DJurgella\Desktop\zoning\jcc_afd.shp</linkage><protocol Sync="TRUE">Local Area Network</protocol><orDesc Sync="TRUE">002</orDesc></onLineSrc><transSize Sync="TRUE">0.000</transSize></distorTran><distorFormat><formatName Sync="TRUE">Shapefile</formatName></distorFormat></distributor></distInfo><dataqual><lineage><procstep><procdesc Sync="TRUE">Dataset copied.</procdesc><srcused Sync="TRUE">C:\Gis\shapefiles\Metadata</srcused><date Sync="TRUE">20020819</date><time Sync="TRUE">09423700</time></procstep><procstep><procdesc Sync="TRUE">Metadata imported.</procdesc><srcused Sync="TRUE">E:\covers\metadata.xml</srcused><date Sync="TRUE">20020819</date><time Sync="TRUE">12070100</time></procstep><procstep><procdesc Sync="TRUE">Dataset copied.</procdesc><srcused Sync="TRUE">Server=jccgis1; Service=sde:sqlserver:jccgis1; Database=jcc; User=gis; Version=dbo.DEFAULT</srcused><procdate Sync="TRUE">20110412</procdate><proctime Sync="TRUE">23002500</proctime></procstep><procstep><procdesc Sync="TRUE">Dataset copied.</procdesc><srcused Sync="TRUE">Server=jccgis1; Service=sde:sqlserver:jccgis1; Database=PublicGIS; User=sdereader; Version=dbo.DEFAULT</srcused><procdate Sync="TRUE">20110506</procdate><proctime Sync="TRUE">08555500</proctime></procstep><procstep><procdesc Sync="TRUE">Dataset copied.</procdesc><srcused Sync="TRUE">Server=localhost; Service=5151; User=gis; Version=dbo.DEFAULT</srcused><procdate Sync="TRUE">20110817</procdate><proctime Sync="TRUE">08593600</proctime></procstep><procstep><procdesc Sync="TRUE">Dataset copied.</procdesc><srcused Sync="TRUE">Server=localhost; Service=5155; Database=PublicGIS; User=gis; Version=dbo.DEFAULT</srcused><procdate Sync="TRUE">20110817</procdate><proctime Sync="TRUE">10080800</proctime></procstep></lineage><attracc><attraccr>James City County makes every reasonable effort to insure the accuracy of the data set.  Within the urban areas of the county we hope to have a plus or minus 5 foot accuracy.  Out in the rural areas, where sometimes we don't have any recently recorded plats, the accuracy could go higher to almost a plus or minus 20 feet.</attraccr></attracc></dataqual><dataIdInfo><envirDesc Sync="TRUE">Microsoft Windows XP Version 5.1 (Build 2600) Service Pack 3; ESRI ArcCatalog 9.3.0.1770</envirDesc><dataLang><languageCode Sync="TRUE" value="en"></languageCode></dataLang><idCitation><resTitle Sync="TRUE">jcc_afd</resTitle><presForm><PresFormCd Sync="TRUE" value="005"></PresFormCd></presForm></idCitation><spatRpType><SpatRepTypCd Sync="TRUE" value="001"></SpatRepTypCd></spatRpType><geoBox esriExtentType="decdegrees"><westBL Sync="TRUE">-76.89376</westBL><eastBL Sync="TRUE">-76.614741</eastBL><northBL Sync="TRUE">37.449585</northBL><southBL Sync="TRUE">37.203045</southBL><exTypeCode Sync="TRUE">1</exTypeCode></geoBox><dataExt><geoEle><GeoBndBox esriExtentType="native"><westBL Sync="TRUE">11950669.588456</westBL><eastBL Sync="TRUE">12030178.698546</eastBL><northBL Sync="TRUE">3691242.433509</northBL><southBL Sync="TRUE">3602932.442002</southBL><exTypeCode Sync="TRUE">1</exTypeCode></GeoBndBox></geoEle></dataExt></dataIdInfo><mdLang><languageCode Sync="TRUE" value="en"></languageCode></mdLang><mdStanName Sync="TRUE">ISO 19115 Geographic Information - Metadata</mdStanName><mdStanVer Sync="TRUE">DIS_ESRI1.0</mdStanVer><mdChar><CharSetCd Sync="TRUE" value="004"></CharSetCd></mdChar><mdHrLv><ScopeCd Sync="TRUE" value="005"></ScopeCd></mdHrLv><mdHrLvName Sync="TRUE">dataset</mdHrLvName><distinfo><resdesc Sync="TRUE">Downloadable Data</resdesc><stdorder><digform><digtinfo><transize Sync="TRUE">0.000</transize><dssize Sync="TRUE">0.000</dssize></digtinfo></digform></stdorder></distinfo><spdoinfo><direct Sync="TRUE">Vector</direct><ptvctinf><esriterm Name="jcc_afd"><efeatyp Sync="TRUE">Simple</efeatyp><efeageom Sync="TRUE">Polygon</efeageom><esritopo Sync="TRUE">FALSE</esritopo><efeacnt Sync="TRUE">0</efeacnt><spindex Sync="TRUE">FALSE</spindex><linrefer Sync="TRUE">FALSE</linrefer></esriterm><sdtsterm Name="jcc_afd"><sdtstype Sync="TRUE">G-polygon</sdtstype><ptvctcnt Sync="TRUE">0</ptvctcnt></sdtsterm><esriterm Name="label"><efeatyp Sync="TRUE">Simple</efeatyp><efeageom Sync="TRUE">Label</efeageom><esritopo Sync="TRUE">FALSE</esritopo><efeacnt Sync="TRUE">212</efeacnt><spindex Sync="TRUE">FALSE</spindex><linrefer Sync="TRUE">FALSE</linrefer></esriterm><sdtsterm Name="label"><sdtstype Sync="TRUE">Label point</sdtstype><ptvctcnt Sync="TRUE">212</ptvctcnt></sdtsterm><esriterm Name="polygon"><efeatyp Sync="TRUE">Simple</efeatyp><efeageom Sync="TRUE">Polygon</efeageom><esritopo Sync="TRUE">TRUE</esritopo><efeacnt Sync="TRUE">212</efeacnt><spindex Sync="TRUE">FALSE</spindex><linrefer Sync="TRUE">FALSE</linrefer></esriterm><sdtsterm Name="polygon"><sdtstype Sync="TRUE">GT-polygon composed of chains</sdtstype><ptvctcnt Sync="TRUE">212</ptvctcnt></sdtsterm><esriterm Name="tic"><efeatyp Sync="TRUE">Simple</efeatyp><efeageom Sync="TRUE">Tic</efeageom><esritopo Sync="TRUE">FALSE</esritopo><efeacnt Sync="TRUE">4</efeacnt><spindex Sync="TRUE">FALSE</spindex><linrefer Sync="TRUE">FALSE</linrefer></esriterm><sdtsterm Name="tic"><sdtstype Sync="TRUE">Point</sdtstype><ptvctcnt Sync="TRUE">4</ptvctcnt></sdtsterm></ptvctinf></spdoinfo><spref><horizsys><cordsysn><geogcsn Sync="TRUE">GCS_North_American_1983</geogcsn><projcsn Sync="TRUE">NAD_1983_StatePlane_Virginia_South_FIPS_4502_Feet</projcsn></cordsysn><planar><planci><plance Sync="TRUE">coordinate pair</plance><plandu Sync="TRUE">survey feet</plandu><coordrep><absres Sync="TRUE">0.000000</absres><ordres Sync="TRUE">0.000000</ordres></coordrep></planci><mapproj><mapprojn Sync="TRUE">Lambert Conformal Conic</mapprojn><lambertc><stdparll Sync="TRUE">36.766667</stdparll><stdparll Sync="TRUE">37.966667</stdparll><longcm Sync="TRUE">-78.500000</longcm><latprjo Sync="TRUE">36.333333</latprjo><feast Sync="TRUE">11482916.666667</feast><fnorth Sync="TRUE">3280833.333333</fnorth></lambertc></mapproj></planar><geodetic><horizdn Sync="TRUE">North American Datum of 1983</horizdn><ellips Sync="TRUE">Geodetic Reference System 80</ellips><semiaxis Sync="TRUE">6378137.000000</semiaxis><denflat Sync="TRUE">298.257222</denflat></geodetic></horizsys><vertdef><altsys><altenc Sync="TRUE">Explicit elevation coordinate included with horizontal coordinates</altenc><altres Sync="TRUE">1.000000</altres></altsys></vertdef></spref><refSysInfo><RefSystem><refSysID><identCode Sync="TRUE">NAD_1983_StatePlane_Virginia_South_FIPS_4502_Feet</identCode></refSysID></RefSystem></refSysInfo><spatRepInfo><VectSpatRep><topLvl><TopoLevCd Sync="TRUE" value="001"></TopoLevCd></topLvl><geometObjs Name="jcc_afd"><geoObjTyp><GeoObjTypCd Sync="TRUE" value="001"></GeoObjTypCd></geoObjTyp><geoObjCnt Sync="TRUE">0</geoObjCnt></geometObjs></VectSpatRep></spatRepInfo><eainfo><detailed Name="jcc_afd"><enttyp><enttypl Sync="TRUE">jcc_afd</enttypl><enttypt Sync="TRUE">Feature Class</enttypt><enttypc Sync="TRUE">0</enttypc></enttyp><attr><attrlabl Sync="TRUE">FID</attrlabl><attalias Sync="TRUE">FID</attalias><attrtype Sync="TRUE">OID</attrtype><attwidth Sync="TRUE">4</attwidth><atprecis Sync="TRUE">0</atprecis><attscale Sync="TRUE">0</attscale><attrdef Sync="TRUE">Internal feature number.</attrdef><attrdefs Sync="TRUE">ESRI</attrdefs><attrdomv><udom Sync="TRUE">Sequential unique whole numbers that are automatically generated.</udom></attrdomv></attr><attr><attrlabl Sync="TRUE">Shape</attrlabl><attalias Sync="TRUE">Shape</attalias><attrtype Sync="TRUE">Geometry</attrtype><attwidth Sync="TRUE">0</attwidth><atprecis Sync="TRUE">0</atprecis><attscale Sync="TRUE">0</attscale><attrdef Sync="TRUE">Feature geometry.</attrdef><attrdefs Sync="TRUE">ESRI</attrdefs><attrdomv><udom Sync="TRUE">Coordinates defining the features.</udom></attrdomv></attr><attr><attrlabl Sync="TRUE">CASE_</attrlabl><attalias Sync="TRUE">CASE_</attalias><attrtype Sync="TRUE">String</attrtype><attwidth Sync="TRUE">10</attwidth></attr><attr><attrlabl Sync="TRUE">NAME</attrlabl><attalias Sync="TRUE">NAME</attalias><attrtype Sync="TRUE">String</attrtype><attwidth Sync="TRUE">40</attwidth></attr><attr><attrlabl Sync="TRUE">PIN</attrlabl><attalias Sync="TRUE">PIN</attalias><attrtype Sync="TRUE">String</attrtype><attwidth Sync="TRUE">15</attwidth></attr><attr><attrlabl Sync="TRUE">CODE</attrlabl><attalias Sync="TRUE">CODE</attalias><attrtype Sync="TRUE">Number</attrtype><attwidth Sync="TRUE">5</attwidth></attr><attr><attrlabl Sync="TRUE">Shape_area</attrlabl><attalias Sync="TRUE">Shape_area</attalias><attrtype Sync="TRUE">Float</attrtype><attwidth Sync="TRUE">19</attwidth><attrdef Sync="TRUE">Area of feature in internal units squared.</attrdef><attrdefs Sync="TRUE">ESRI</attrdefs><attrdomv><udom Sync="TRUE">Positive real numbers that are automatically generated.</udom></attrdomv><atnumdec Sync="TRUE">11</atnumdec></attr><attr><attrlabl Sync="TRUE">Shape_len</attrlabl><attalias Sync="TRUE">Shape_len</attalias><attrtype Sync="TRUE">Float</attrtype><attwidth Sync="TRUE">19</attwidth><atnumdec Sync="TRUE">11</atnumdec></attr></detailed><detailed Name="afd.pat"><enttyp><enttypl Sync="TRUE">afd.pat</enttypl><enttypt Sync="TRUE">Feature Class</enttypt><enttypc Sync="TRUE">212</enttypc></enttyp><attr><attrlabl Sync="TRUE">FID</attrlabl><attalias Sync="TRUE">FID</attalias><attrtype Sync="TRUE">OID</attrtype><attwidth Sync="TRUE">4</attwidth><atprecis Sync="TRUE">0</atprecis><attscale Sync="TRUE">0</attscale><attrdef Sync="TRUE">Internal feature number.</attrdef><attrdefs Sync="TRUE">ESRI</attrdefs><attrdomv><udom Sync="TRUE">Sequential unique whole numbers that are automatically generated.</udom></attrdomv></attr><attr><attrlabl Sync="TRUE">Shape</attrlabl><attalias Sync="TRUE">Shape</attalias><attrtype Sync="TRUE">Geometry</attrtype><attwidth Sync="TRUE">0</attwidth><atprecis Sync="TRUE">0</atprecis><attscale Sync="TRUE">0</attscale><attrdef Sync="TRUE">Feature geometry.</attrdef><attrdefs Sync="TRUE">ESRI</attrdefs><attrdomv><udom Sync="TRUE">Coordinates defining the features.</udom></attrdomv></attr><attr><attrlabl Sync="TRUE">AREA</attrlabl><attwidth Sync="TRUE">10</attwidth><atoutwid Sync="TRUE">18</atoutwid><attrtype Sync="TRUE">String</attrtype><attrdef Sync="TRUE">Area of feature in internal units squared.</attrdef><attrdefs Sync="TRUE">ESRI</attrdefs><attrdomv><udom Sync="TRUE">Positive real numbers that are automatically generated.</udom></attrdomv></attr><attr><attrlabl Sync="TRUE">PERIMETER</attrlabl><attwidth Sync="TRUE">40</attwidth><atoutwid Sync="TRUE">18</atoutwid><attrtype Sync="TRUE">String</attrtype><attrdef Sync="TRUE">Perimeter of feature in internal units.</attrdef><attrdefs Sync="TRUE">ESRI</attrdefs><attrdomv><udom Sync="TRUE">Positive real numbers that are automatically generated.</udom></attrdomv></attr><attr><attrlabl Sync="TRUE">AFD#</attrlabl><attwidth Sync="TRUE">15</attwidth><atoutwid Sync="TRUE">5</atoutwid><attrtype Sync="TRUE">String</attrtype><attrdef Sync="TRUE">Internal feature number.</attrdef><attrdefs Sync="TRUE">ESRI</attrdefs><attrdomv><udom Sync="TRUE">Sequential unique whole numbers that are automatically generated.</udom></attrdomv></attr><attr><attrlabl Sync="TRUE">AFD-ID</attrlabl><attwidth Sync="TRUE">5</attwidth><atoutwid Sync="TRUE">5</atoutwid><attrtype Sync="TRUE">Number</attrtype><attrdef Sync="TRUE">User-defined feature number.</attrdef><attrdefs Sync="TRUE">ESRI</attrdefs></attr><attr><attrlabl Sync="TRUE">SHEET</attrlabl><attwidth Sync="TRUE">19</attwidth><atoutwid Sync="TRUE">6</atoutwid><attrtype Sync="TRUE">Float</attrtype><atnumdec Sync="TRUE">11</atnumdec></attr><attr><attrlabl Sync="TRUE">P1</attrlabl><attwidth Sync="TRUE">19</attwidth><atoutwid Sync="TRUE">1</atoutwid><attrtype Sync="TRUE">Float</attrtype><atnumdec Sync="TRUE">11</atnumdec></attr><attr><attrlabl Sync="TRUE">CIRCLE</attrlabl><attwidth Sync="TRUE">2</attwidth><atoutwid Sync="TRUE">2</atoutwid><attrtype Sync="TRUE">Character</attrtype></attr><attr><attrlabl Sync="TRUE">D1</attrlabl><attwidth Sync="TRUE">1</attwidth><atoutwid Sync="TRUE">1</atoutwid><attrtype Sync="TRUE">Character</attrtype></attr><attr><attrlabl Sync="TRUE">BLOCK</attrlabl><attwidth Sync="TRUE">1</attwidth><atoutwid Sync="TRUE">1</atoutwid><attrtype Sync="TRUE">Character</attrtype></attr><attr><attrlabl Sync="TRUE">D2</attrlabl><attwidth Sync="TRUE">1</attwidth><atoutwid Sync="TRUE">1</atoutwid><attrtype Sync="TRUE">Character</attrtype></attr><attr><attrlabl Sync="TRUE">LOT</attrlabl><attwidth Sync="TRUE">4</attwidth><atoutwid Sync="TRUE">4</atoutwid><attrtype Sync="TRUE">Character</attrtype></attr><attr><attrlabl Sync="TRUE">D3</attrlabl><attwidth Sync="TRUE">1</attwidth><atoutwid Sync="TRUE">1</atoutwid><attrtype Sync="TRUE">Character</attrtype></attr><attr><attrlabl Sync="TRUE">APT</attrlabl><attwidth Sync="TRUE">2</attwidth><atoutwid Sync="TRUE">2</atoutwid><attrtype Sync="TRUE">Character</attrtype></attr><attr><attrlabl Sync="TRUE">P2</attrlabl><attwidth Sync="TRUE">1</attwidth><atoutwid Sync="TRUE">1</atoutwid><attrtype Sync="TRUE">Character</attrtype></attr><attr><attrlabl Sync="TRUE">TVALUE</attrlabl><attwidth Sync="TRUE">15</attwidth><atoutwid Sync="TRUE">15</atoutwid><attrtype Sync="TRUE">Integer</attrtype></attr><attr><attrlabl Sync="TRUE">CASE</attrlabl><attwidth Sync="TRUE">10</attwidth><atoutwid Sync="TRUE">10</atoutwid><attrtype Sync="TRUE">Character</attrtype><attrdef>District Number</attrdef></attr><attr><attrlabl Sync="TRUE">NAME</attrlabl><attwidth Sync="TRUE">40</attwidth><atoutwid Sync="TRUE">40</atoutwid><attrtype Sync="TRUE">Character</attrtype><attrdef>District Name</attrdef></attr><attr><attrlabl Sync="TRUE">PIN</attrlabl><attwidth Sync="TRUE">15</attwidth><atoutwid Sync="TRUE">15</atoutwid><attrtype Sync="TRUE">Character</attrtype></attr><attr><attrlabl Sync="TRUE">CODE</attrlabl><attwidth Sync="TRUE">2</attwidth><atoutwid Sync="TRUE">2</atoutwid><attrtype Sync="TRUE">Integer</attrtype></attr><attr><attrlabl Sync="TRUE">PARCEL-ID</attrlabl><attwidth Sync="TRUE">20</attwidth><atoutwid Sync="TRUE">20</atoutwid><attrtype Sync="TRUE">Character</attrtype></attr><attr><attrlabl Sync="TRUE">LOTNUM</attrlabl><attwidth Sync="TRUE">7</attwidth><atoutwid Sync="TRUE">7</atoutwid><attrtype Sync="TRUE">Character</attrtype></attr></detailed></eainfo></metadata>
