<?xml version="1.0"?>
<!--<!DOCTYPE metadata SYSTEM "http://www.esri.com/metadata/esriprof80.dtd">-->
<metadata xml:lang="en"><Esri><MetaID>{E76F02E3-3281-4F74-8EA7-2B681791D7E6}</MetaID><CreaDate>20130430</CreaDate><CreaTime>16260600</CreaTime><SyncOnce>TRUE</SyncOnce><DataProperties><lineage><Process ToolSource="C:\Program Files\ArcGIS\ArcToolbox\Toolboxes\Data Management Tools.tbx\Project" Date="20130430" Time="162606">Project "C:\Documents and Settings\DJurgella\Desktop\JCC_layers\JCC_layers\JCC_Railroad.shp" "C:\Documents and Settings\DJurgella\Desktop\JCC_layers\JCC_layers\NorthAmericaGCS\JCC_Railroad.shp" GEOGCS['GCS_North_American_1983',DATUM['D_North_American_1983',SPHEROID['GRS_1980',6378137.0,298.257222101]],PRIMEM['Greenwich',0.0],UNIT['Degree',0.0174532925199433]] # PROJCS['NAD_1983_StatePlane_Virginia_South_FIPS_4502_Feet',GEOGCS['GCS_North_American_1983',DATUM['D_North_American_1983',SPHEROID['GRS_1980',6378137.0,298.257222101]],PRIMEM['Greenwich',0.0],UNIT['Degree',0.0174532925199433]],PROJECTION['Lambert_Conformal_Conic'],PARAMETER['False_Easting',11482916.66666666],PARAMETER['False_Northing',3280833.333333333],PARAMETER['Central_Meridian',-78.5],PARAMETER['Standard_Parallel_1',36.76666666666667],PARAMETER['Standard_Parallel_2',37.96666666666667],PARAMETER['Latitude_Of_Origin',36.33333333333334],UNIT['Foot_US',0.3048006096012192]]</Process></lineage></DataProperties></Esri></metadata>
